model_key,valid_fold,mcc,micro_auprc,sensitivity,precision,micro_auroc,valid_mcc,best_threshold,base_lr,max_lr,cycle_size,model_kwargs.lm_freeze_layer_count,pretrained_weight_path,hp_combination,finished_at
esm-t33-gearnet-pretrained,0,0.2394,0.2784,0.1864,0.3929,0.7622,0.3179,-3.0,0.0003,0.003,2,30,weight/atpbind3d-1930_esm-t33-gearnet-lr3e-4_0.pt,0,2024-10-01 00:12:01
esm-t33-gearnet-pretrained,0,0.3057,0.5384,0.7627,0.1891,0.8943,0.4631,3.0,0.0003,0.003,2,30,weight/atpbind3d-1930_esm-t33-gearnet-lr1e-4_0.pt,1,2024-10-01 00:12:07
esm-t33-gearnet-pretrained,0,0.0,0.0565,0.0,,0.48,0.0,-5.0,0.0003,0.003,2,30,weight/atpbind3d-1930_esm-t33-gearnet-lr3e-5_0.pt,2,2024-10-01 00:12:14
esm-t33-gearnet-pretrained,0,0.0,0.0417,0.0,,0.3229,0.0,-5.0,0.0003,0.003,2,30,weight/atpbind3d-1930_esm-t33-gearnet-lr1e-5_0.pt,3,2024-10-01 00:12:20
esm-t33-gearnet-pretrained,0,0.0729,0.094,0.0508,0.2,0.5682,0.238,0.6,0.0003,0.003,2,30,weight/atpbind3d-1930_esm-t33-gearnet-lr3e-6_0.pt,4,2024-10-01 00:12:27
esm-t33-gearnet-pretrained,0,-0.0273,0.0417,0.0,0.0,0.3165,0.0,-4.6,0.0003,0.003,2,30,empty,5,2024-10-01 00:12:33
esm-t33-gearnet-pretrained,0,0.5329,0.5627,0.4576,0.675,0.8662,0.6565,0.8,0.0003,0.003,3,30,weight/atpbind3d-1930_esm-t33-gearnet-lr3e-4_0.pt,6,2024-10-01 00:12:41
esm-t33-gearnet-pretrained,0,-0.0309,0.0693,0.0,0.0,0.574,0.2782,0.0,0.0003,0.003,3,30,weight/atpbind3d-1930_esm-t33-gearnet-lr1e-4_0.pt,7,2024-10-01 00:12:49
esm-t33-gearnet-pretrained,0,0.0509,0.1649,0.0508,0.1429,0.7969,0.5435,0.0,0.0003,0.003,3,30,weight/atpbind3d-1930_esm-t33-gearnet-lr3e-5_0.pt,8,2024-10-01 00:12:57
esm-t33-gearnet-pretrained,0,0.161,0.1543,0.3051,0.1714,0.8084,0.1937,-5.0,0.0003,0.003,3,30,weight/atpbind3d-1930_esm-t33-gearnet-lr1e-5_0.pt,9,2024-10-01 00:13:05
esm-t33-gearnet-pretrained,0,-0.0082,0.0895,0.0,0.0,0.6694,0.1622,0.0,0.0003,0.003,3,30,weight/atpbind3d-1930_esm-t33-gearnet-lr3e-6_0.pt,10,2024-10-01 00:13:13
esm-t33-gearnet-pretrained,0,0.0431,0.0705,0.0678,0.1143,0.5345,0.1103,-2.2,0.0003,0.003,3,30,empty,11,2024-10-01 00:13:21
esm-t33-gearnet-pretrained,0,0.2986,0.3742,0.1356,0.7273,0.8415,0.8574,-1.4,0.0003,0.003,4,30,weight/atpbind3d-1930_esm-t33-gearnet-lr3e-4_0.pt,12,2024-10-01 00:13:31
esm-t33-gearnet-pretrained,0,0.5847,0.6454,0.4576,0.7941,0.9334,0.8263,3.0,0.0003,0.003,4,30,weight/atpbind3d-1930_esm-t33-gearnet-lr1e-4_0.pt,13,2024-10-01 00:13:41
esm-t33-gearnet-pretrained,0,0.5966,0.621,0.6102,0.6316,0.9085,0.6429,3.0,0.0003,0.003,4,30,weight/atpbind3d-1930_esm-t33-gearnet-lr3e-5_0.pt,14,2024-10-01 00:13:51
esm-t33-gearnet-pretrained,0,0.3154,0.2837,0.322,0.3878,0.8709,0.431,-5.0,0.0003,0.003,4,30,weight/atpbind3d-1930_esm-t33-gearnet-lr1e-5_0.pt,15,2024-10-01 00:14:00
esm-t33-gearnet-pretrained,0,0.1412,0.1974,0.0339,0.6667,0.7744,0.3471,-1.2,0.0003,0.003,4,30,weight/atpbind3d-1930_esm-t33-gearnet-lr3e-6_0.pt,16,2024-10-01 00:14:10
esm-t33-gearnet-pretrained,0,0.4037,0.334,0.2712,0.6667,0.7296,0.48,1.2,0.0003,0.003,4,30,empty,17,2024-10-01 00:14:20
esm-t33-gearnet-pretrained,0,0.5971,0.6089,0.5763,0.6667,0.933,0.8403,-3.0,0.0003,0.003,6,30,weight/atpbind3d-1930_esm-t33-gearnet-lr3e-4_0.pt,18,2024-10-01 00:14:33
esm-t33-gearnet-pretrained,0,0.572,0.7198,0.3898,0.8846,0.951,0.889,-0.6,0.0003,0.003,6,30,weight/atpbind3d-1930_esm-t33-gearnet-lr1e-4_0.pt,19,2024-10-01 00:14:46
esm-t33-gearnet-pretrained,0,0.4826,0.6583,0.3898,0.6571,0.9399,0.8807,1.4,0.0003,0.003,6,30,weight/atpbind3d-1930_esm-t33-gearnet-lr3e-5_0.pt,20,2024-10-01 00:14:59
esm-t33-gearnet-pretrained,0,0.5663,0.6268,0.5085,0.6818,0.9128,0.8531,-1.0,0.0003,0.003,6,30,weight/atpbind3d-1930_esm-t33-gearnet-lr1e-5_0.pt,21,2024-10-01 00:15:12
esm-t33-gearnet-pretrained,0,0.638,0.6988,0.5932,0.7292,0.9372,0.8742,0.0,0.0003,0.003,6,30,weight/atpbind3d-1930_esm-t33-gearnet-lr3e-6_0.pt,22,2024-10-01 00:15:25
esm-t33-gearnet-pretrained,0,0.4564,0.5583,0.4576,0.5192,0.8954,0.7166,-2.4,0.0003,0.003,6,30,empty,23,2024-10-01 00:15:38
esm-t33-gearnet-pretrained,0,0.6001,0.6901,0.4237,0.8929,0.9337,0.8895,1.2,0.0003,0.003,10,30,weight/atpbind3d-1930_esm-t33-gearnet-lr3e-4_0.pt,24,2024-10-01 00:15:58
esm-t33-gearnet-pretrained,0,0.3454,0.6466,0.1695,0.7692,0.9366,0.9066,1.8,0.0003,0.003,10,30,weight/atpbind3d-1930_esm-t33-gearnet-lr1e-4_0.pt,25,2024-10-01 00:16:19
esm-t33-gearnet-pretrained,0,0.4827,0.6916,0.3051,0.8182,0.943,0.8918,2.4,0.0003,0.003,10,30,weight/atpbind3d-1930_esm-t33-gearnet-lr3e-5_0.pt,26,2024-10-01 00:16:39
esm-t33-gearnet-pretrained,0,0.4924,0.6862,0.2542,1.0,0.9114,0.898,2.4,0.0003,0.003,10,30,weight/atpbind3d-1930_esm-t33-gearnet-lr1e-5_0.pt,27,2024-10-01 00:16:59
esm-t33-gearnet-pretrained,0,0.5844,0.637,0.5593,0.66,0.9294,0.8678,-4.6,0.0003,0.003,10,30,weight/atpbind3d-1930_esm-t33-gearnet-lr3e-6_0.pt,28,2024-10-01 00:17:18
esm-t33-gearnet-pretrained,0,0.5682,0.6417,0.6102,0.5806,0.9214,0.8722,-4.2,0.0003,0.003,10,30,empty,29,2024-10-01 00:17:38
esm-t33-gearnet-pretrained,1,0.3265,0.33,0.2881,0.4474,0.8229,0.238,-4.8,0.0003,0.003,2,30,weight/atpbind3d-1930_esm-t33-gearnet-lr3e-4_0.pt,0,2024-10-01 00:17:45
esm-t33-gearnet-pretrained,1,0.1144,0.3335,1.0,0.0733,0.8457,0.1038,3.0,0.0003,0.003,2,30,weight/atpbind3d-1930_esm-t33-gearnet-lr1e-4_0.pt,1,2024-10-01 00:17:51
esm-t33-gearnet-pretrained,1,0.3877,0.4136,0.5085,0.3659,0.8189,0.4838,-3.8,0.0003,0.003,2,30,weight/atpbind3d-1930_esm-t33-gearnet-lr3e-5_0.pt,2,2024-10-01 00:17:58
esm-t33-gearnet-pretrained,1,0.0,0.064,0.0,,0.5437,0.0,-5.0,0.0003,0.003,2,30,weight/atpbind3d-1930_esm-t33-gearnet-lr1e-5_0.pt,3,2024-10-01 00:18:04
esm-t33-gearnet-pretrained,1,0.2294,0.2684,0.5932,0.1643,0.7636,0.3546,-2.8,0.0003,0.003,2,30,weight/atpbind3d-1930_esm-t33-gearnet-lr3e-6_0.pt,4,2024-10-01 00:18:11
esm-t33-gearnet-pretrained,1,-0.0184,0.0436,0.0,0.0,0.3536,0.0,-5.0,0.0003,0.003,2,30,empty,5,2024-10-01 00:18:17
esm-t33-gearnet-pretrained,1,0.5853,0.6935,0.5424,0.6809,0.9474,0.7288,1.0,0.0003,0.003,3,30,weight/atpbind3d-1930_esm-t33-gearnet-lr3e-4_0.pt,6,2024-10-01 00:18:25
esm-t33-gearnet-pretrained,1,0.6109,0.7108,0.5763,0.6939,0.9243,0.761,2.8,0.0003,0.003,3,30,weight/atpbind3d-1930_esm-t33-gearnet-lr1e-4_0.pt,7,2024-10-01 00:18:34
esm-t33-gearnet-pretrained,1,0.4875,0.5557,0.5932,0.4605,0.8867,0.5873,2.8,0.0003,0.003,3,30,weight/atpbind3d-1930_esm-t33-gearnet-lr3e-5_0.pt,8,2024-10-01 00:18:42
esm-t33-gearnet-pretrained,1,0.4187,0.4758,0.5424,0.3902,0.8807,0.6005,0.6,0.0003,0.003,3,30,weight/atpbind3d-1930_esm-t33-gearnet-lr1e-5_0.pt,9,2024-10-01 00:18:50
esm-t33-gearnet-pretrained,1,0.3322,0.3873,0.4068,0.3478,0.8614,0.4882,-0.6,0.0003,0.003,3,30,weight/atpbind3d-1930_esm-t33-gearnet-lr3e-6_0.pt,10,2024-10-01 00:18:59
esm-t33-gearnet-pretrained,1,0.2894,0.2813,0.2712,0.3902,0.7508,0.5602,-0.6,0.0003,0.003,3,30,empty,11,2024-10-01 00:19:07
esm-t33-gearnet-pretrained,1,0.6129,0.6362,0.5593,0.7174,0.8846,0.7309,-1.0,0.0003,0.003,4,30,weight/atpbind3d-1930_esm-t33-gearnet-lr3e-4_0.pt,12,2024-10-01 00:19:17
esm-t33-gearnet-pretrained,1,0.5143,0.5847,0.4068,0.7059,0.9099,0.7037,-0.2,0.0003,0.003,4,30,weight/atpbind3d-1930_esm-t33-gearnet-lr1e-4_0.pt,13,2024-10-01 00:19:27
esm-t33-gearnet-pretrained,1,0.5289,0.6283,0.4237,0.7143,0.9361,0.7212,0.8,0.0003,0.003,4,30,weight/atpbind3d-1930_esm-t33-gearnet-lr3e-5_0.pt,14,2024-10-01 00:19:37
esm-t33-gearnet-pretrained,1,0.4221,0.542,0.3559,0.5676,0.9145,0.7039,-0.4,0.0003,0.003,4,30,weight/atpbind3d-1930_esm-t33-gearnet-lr1e-5_0.pt,15,2024-10-01 00:19:46
esm-t33-gearnet-pretrained,1,0.5629,0.6118,0.6102,0.5714,0.935,0.6507,1.6,0.0003,0.003,4,30,weight/atpbind3d-1930_esm-t33-gearnet-lr3e-6_0.pt,16,2024-10-01 00:19:56
esm-t33-gearnet-pretrained,1,0.5631,0.6688,0.4068,0.8276,0.931,0.7247,2.2,0.0003,0.003,4,30,empty,17,2024-10-01 00:20:06
esm-t33-gearnet-pretrained,1,0.605,0.6669,0.4576,0.8438,0.9279,0.7247,-0.2,0.0003,0.003,6,30,weight/atpbind3d-1930_esm-t33-gearnet-lr3e-4_0.pt,18,2024-10-01 00:20:20
esm-t33-gearnet-pretrained,1,0.5842,0.6872,0.5932,0.625,0.9378,0.7576,-3.0,0.0003,0.003,6,30,weight/atpbind3d-1930_esm-t33-gearnet-lr1e-4_0.pt,19,2024-10-01 00:20:33
esm-t33-gearnet-pretrained,1,0.587,0.6513,0.5254,0.7045,0.9436,0.7463,-3.2,0.0003,0.003,6,30,weight/atpbind3d-1930_esm-t33-gearnet-lr3e-5_0.pt,20,2024-10-01 00:20:46
esm-t33-gearnet-pretrained,1,0.4376,0.5194,0.3729,0.5789,0.9207,0.6939,-4.4,0.0003,0.003,6,30,weight/atpbind3d-1930_esm-t33-gearnet-lr1e-5_0.pt,21,2024-10-01 00:21:00
esm-t33-gearnet-pretrained,1,0.552,0.631,0.5085,0.6522,0.9157,0.7309,-1.6,0.0003,0.003,6,30,weight/atpbind3d-1930_esm-t33-gearnet-lr3e-6_0.pt,22,2024-10-01 00:21:13
esm-t33-gearnet-pretrained,1,0.4672,0.4806,0.3898,0.6216,0.8709,0.7212,-2.4,0.0003,0.003,6,30,empty,23,2024-10-01 00:21:27
esm-t33-gearnet-pretrained,1,0.6155,0.6467,0.661,0.619,0.9258,0.743,-4.4,0.0003,0.003,10,30,weight/atpbind3d-1930_esm-t33-gearnet-lr3e-4_0.pt,24,2024-10-01 00:21:47
esm-t33-gearnet-pretrained,1,0.615,0.5908,0.6441,0.6333,0.9405,0.7479,-2.4,0.0003,0.003,10,30,weight/atpbind3d-1930_esm-t33-gearnet-lr1e-4_0.pt,25,2024-10-01 00:22:08
esm-t33-gearnet-pretrained,1,0.5783,0.6182,0.5424,0.6667,0.9368,0.7621,-2.6,0.0003,0.003,10,30,weight/atpbind3d-1930_esm-t33-gearnet-lr3e-5_0.pt,26,2024-10-01 00:22:28
esm-t33-gearnet-pretrained,1,0.6181,0.6277,0.5763,0.7083,0.9092,0.7576,-1.8,0.0003,0.003,10,30,weight/atpbind3d-1930_esm-t33-gearnet-lr1e-5_0.pt,27,2024-10-01 00:22:49
esm-t33-gearnet-pretrained,1,0.5556,0.66,0.3559,0.913,0.9232,0.7372,1.6,0.0003,0.003,10,30,weight/atpbind3d-1930_esm-t33-gearnet-lr3e-6_0.pt,28,2024-10-01 00:23:09
esm-t33-gearnet-pretrained,1,0.5124,0.5721,0.4915,0.5918,0.8578,0.7411,-4.8,0.0003,0.003,10,30,empty,29,2024-10-01 00:23:30
esm-t33-gearnet-pretrained,2,0.2127,0.2391,0.1186,0.4667,0.7874,0.315,-0.2,0.0003,0.003,2,30,weight/atpbind3d-1930_esm-t33-gearnet-lr3e-4_0.pt,0,2024-10-01 00:23:37
esm-t33-gearnet-pretrained,2,0.0802,0.1248,0.0339,0.2857,0.7005,0.2724,-3.4,0.0003,0.003,2,30,weight/atpbind3d-1930_esm-t33-gearnet-lr1e-4_0.pt,1,2024-10-01 00:23:43
esm-t33-gearnet-pretrained,2,0.0,0.044,0.0,,0.3581,0.0,-5.0,0.0003,0.003,2,30,weight/atpbind3d-1930_esm-t33-gearnet-lr3e-5_0.pt,2,2024-10-01 00:23:50
esm-t33-gearnet-pretrained,2,0.0,0.0471,0.0,,0.4034,0.0,-5.0,0.0003,0.003,2,30,weight/atpbind3d-1930_esm-t33-gearnet-lr1e-5_0.pt,3,2024-10-01 00:23:56
esm-t33-gearnet-pretrained,2,-0.0082,0.0508,0.0,0.0,0.4492,0.0,2.4,0.0003,0.003,2,30,weight/atpbind3d-1930_esm-t33-gearnet-lr3e-6_0.pt,4,2024-10-01 00:24:03
esm-t33-gearnet-pretrained,2,0.0,0.0424,0.0,,0.3196,0.0,0.6,0.0003,0.003,2,30,empty,5,2024-10-01 00:24:09
esm-t33-gearnet-pretrained,2,0.5378,0.6503,0.3898,0.7931,0.9241,0.7182,-0.6,0.0003,0.003,3,30,weight/atpbind3d-1930_esm-t33-gearnet-lr3e-4_0.pt,6,2024-10-01 00:24:17
esm-t33-gearnet-pretrained,2,0.5114,0.623,0.4746,0.6087,0.9356,0.7116,-1.4,0.0003,0.003,3,30,weight/atpbind3d-1930_esm-t33-gearnet-lr1e-4_0.pt,7,2024-10-01 00:24:25
esm-t33-gearnet-pretrained,2,0.5795,0.6105,0.5254,0.6889,0.9194,0.7346,1.0,0.0003,0.003,3,30,weight/atpbind3d-1930_esm-t33-gearnet-lr3e-5_0.pt,8,2024-10-01 00:24:34
esm-t33-gearnet-pretrained,2,0.0,0.0693,0.0,,0.5907,0.0,0.4,0.0003,0.003,3,30,weight/atpbind3d-1930_esm-t33-gearnet-lr1e-5_0.pt,9,2024-10-01 00:24:42
esm-t33-gearnet-pretrained,2,0.2828,0.2454,0.0847,1.0,0.7604,0.2705,0.6,0.0003,0.003,3,30,weight/atpbind3d-1930_esm-t33-gearnet-lr3e-6_0.pt,10,2024-10-01 00:24:50
esm-t33-gearnet-pretrained,2,-0.0082,0.0407,0.0,0.0,0.2912,0.0,2.4,0.0003,0.003,3,30,empty,11,2024-10-01 00:24:58
esm-t33-gearnet-pretrained,2,0.6211,0.7597,0.661,0.629,0.9597,0.7718,0.4,0.0003,0.003,4,30,weight/atpbind3d-1930_esm-t33-gearnet-lr3e-4_0.pt,12,2024-10-01 00:25:08
esm-t33-gearnet-pretrained,2,0.6214,0.7119,0.4915,0.8286,0.9434,0.7718,1.8,0.0003,0.003,4,30,weight/atpbind3d-1930_esm-t33-gearnet-lr1e-4_0.pt,13,2024-10-01 00:25:18
esm-t33-gearnet-pretrained,2,0.56,0.6908,0.3898,0.8519,0.9277,0.7862,1.6,0.0003,0.003,4,30,weight/atpbind3d-1930_esm-t33-gearnet-lr3e-5_0.pt,14,2024-10-01 00:25:28
esm-t33-gearnet-pretrained,2,0.3606,0.4121,0.3051,0.5,0.8986,0.5713,-5.0,0.0003,0.003,4,30,weight/atpbind3d-1930_esm-t33-gearnet-lr1e-5_0.pt,15,2024-10-01 00:25:37
esm-t33-gearnet-pretrained,2,0.5213,0.5759,0.5254,0.5741,0.8975,0.6552,-2.2,0.0003,0.003,4,30,weight/atpbind3d-1930_esm-t33-gearnet-lr3e-6_0.pt,16,2024-10-01 00:25:47
esm-t33-gearnet-pretrained,2,0.3275,0.3511,0.1864,0.6471,0.8131,0.6406,0.2,0.0003,0.003,4,30,empty,17,2024-10-01 00:25:57
esm-t33-gearnet-pretrained,2,0.5966,0.7103,0.5932,0.6481,0.9458,0.7546,-2.6,0.0003,0.003,6,30,weight/atpbind3d-1930_esm-t33-gearnet-lr3e-4_0.pt,18,2024-10-01 00:26:10
esm-t33-gearnet-pretrained,2,0.5148,0.6975,0.339,0.8333,0.9321,0.7997,1.2,0.0003,0.003,6,30,weight/atpbind3d-1930_esm-t33-gearnet-lr1e-4_0.pt,19,2024-10-01 00:26:24
esm-t33-gearnet-pretrained,2,0.7026,0.7719,0.6271,0.8222,0.9332,0.7718,0.6,0.0003,0.003,6,30,weight/atpbind3d-1930_esm-t33-gearnet-lr3e-5_0.pt,20,2024-10-01 00:26:37
esm-t33-gearnet-pretrained,2,0.6535,0.7554,0.5932,0.7609,0.9348,0.7381,-0.4,0.0003,0.003,6,30,weight/atpbind3d-1930_esm-t33-gearnet-lr1e-5_0.pt,21,2024-10-01 00:26:50
esm-t33-gearnet-pretrained,2,0.7022,0.7334,0.6949,0.7455,0.9289,0.777,-1.0,0.0003,0.003,6,30,weight/atpbind3d-1930_esm-t33-gearnet-lr3e-6_0.pt,22,2024-10-01 00:27:04
esm-t33-gearnet-pretrained,2,0.4706,0.4729,0.3051,0.7826,0.8265,0.6285,0.6,0.0003,0.003,6,30,empty,23,2024-10-01 00:27:17
esm-t33-gearnet-pretrained,2,0.6446,0.7164,0.5085,0.8571,0.9351,0.7901,1.6,0.0003,0.003,10,30,weight/atpbind3d-1930_esm-t33-gearnet-lr3e-4_0.pt,24,2024-10-01 00:27:37
esm-t33-gearnet-pretrained,2,0.6117,0.725,0.4915,0.8056,0.9373,0.7901,2.2,0.0003,0.003,10,30,weight/atpbind3d-1930_esm-t33-gearnet-lr1e-4_0.pt,25,2024-10-01 00:27:58
esm-t33-gearnet-pretrained,2,0.6908,0.7676,0.5424,0.9143,0.9232,0.7901,2.2,0.0003,0.003,10,30,weight/atpbind3d-1930_esm-t33-gearnet-lr3e-5_0.pt,26,2024-10-01 00:28:18
esm-t33-gearnet-pretrained,2,0.6124,0.752,0.4237,0.9259,0.9317,0.7958,3.0,0.0003,0.003,10,30,weight/atpbind3d-1930_esm-t33-gearnet-lr1e-5_0.pt,27,2024-10-01 00:28:38
esm-t33-gearnet-pretrained,2,0.6649,0.713,0.4915,0.9355,0.9086,0.8061,2.8,0.0003,0.003,10,30,weight/atpbind3d-1930_esm-t33-gearnet-lr3e-6_0.pt,28,2024-10-01 00:28:59
esm-t33-gearnet-pretrained,2,0.6573,0.6891,0.5254,0.8611,0.9254,0.7901,0.2,0.0003,0.003,10,30,empty,29,2024-10-01 00:29:19
esm-t33-gearnet-pretrained,3,0.3354,0.3617,0.3898,0.3651,0.8118,0.6489,-4.6,0.0003,0.003,2,30,weight/atpbind3d-1930_esm-t33-gearnet-lr3e-4_0.pt,0,2024-10-01 00:29:26
esm-t33-gearnet-pretrained,3,-0.0142,0.0484,0.0,0.0,0.4151,0.1879,-5.0,0.0003,0.003,2,30,weight/atpbind3d-1930_esm-t33-gearnet-lr1e-4_0.pt,1,2024-10-01 00:29:32
esm-t33-gearnet-pretrained,3,0.0,0.0382,0.0,,0.248,0.1235,2.4,0.0003,0.003,2,30,weight/atpbind3d-1930_esm-t33-gearnet-lr3e-5_0.pt,2,2024-10-01 00:29:38
esm-t33-gearnet-pretrained,3,-0.0082,0.0538,0.0,0.0,0.4806,0.1328,-4.0,0.0003,0.003,2,30,weight/atpbind3d-1930_esm-t33-gearnet-lr1e-5_0.pt,3,2024-10-01 00:29:45
esm-t33-gearnet-pretrained,3,0.1182,0.1342,0.0339,0.5,0.6548,0.3526,2.0,0.0003,0.003,2,30,weight/atpbind3d-1930_esm-t33-gearnet-lr3e-6_0.pt,4,2024-10-01 00:29:51
esm-t33-gearnet-pretrained,3,-0.0142,0.045,0.0,0.0,0.3722,0.0,1.6,0.0003,0.003,2,30,empty,5,2024-10-01 00:29:58
esm-t33-gearnet-pretrained,3,0.6205,0.654,0.5593,0.7333,0.9082,0.9271,-1.8,0.0003,0.003,3,30,weight/atpbind3d-1930_esm-t33-gearnet-lr3e-4_0.pt,6,2024-10-01 00:30:06
esm-t33-gearnet-pretrained,3,0.4393,0.488,0.2203,0.9286,0.8469,0.8737,-0.6,0.0003,0.003,3,30,weight/atpbind3d-1930_esm-t33-gearnet-lr1e-4_0.pt,7,2024-10-01 00:30:14
esm-t33-gearnet-pretrained,3,0.427,0.5323,0.5763,0.382,0.8523,0.632,0.4,0.0003,0.003,3,30,weight/atpbind3d-1930_esm-t33-gearnet-lr3e-5_0.pt,8,2024-10-01 00:30:22
esm-t33-gearnet-pretrained,3,-0.0082,0.0908,0.0,0.0,0.682,0.1879,-0.4,0.0003,0.003,3,30,weight/atpbind3d-1930_esm-t33-gearnet-lr1e-5_0.pt,9,2024-10-01 00:30:31
esm-t33-gearnet-pretrained,3,0.1746,0.0979,0.6441,0.1214,0.7159,0.2843,-5.0,0.0003,0.003,3,30,weight/atpbind3d-1930_esm-t33-gearnet-lr3e-6_0.pt,10,2024-10-01 00:30:39
esm-t33-gearnet-pretrained,3,0.0,0.0468,0.0,,0.3944,0.1879,0.4,0.0003,0.003,3,30,empty,11,2024-10-01 00:30:47
esm-t33-gearnet-pretrained,3,0.5657,0.6261,0.5763,0.6071,0.8952,0.9117,-1.0,0.0003,0.003,4,30,weight/atpbind3d-1930_esm-t33-gearnet-lr3e-4_0.pt,12,2024-10-01 00:30:57
esm-t33-gearnet-pretrained,3,0.1743,0.2602,0.1525,0.2903,0.7955,0.6636,-1.2,0.0003,0.003,4,30,weight/atpbind3d-1930_esm-t33-gearnet-lr1e-4_0.pt,13,2024-10-01 00:31:07
esm-t33-gearnet-pretrained,3,0.4444,0.4968,0.2542,0.8333,0.8767,0.8382,0.0,0.0003,0.003,4,30,weight/atpbind3d-1930_esm-t33-gearnet-lr3e-5_0.pt,14,2024-10-01 00:31:16
esm-t33-gearnet-pretrained,3,0.1704,0.1638,0.2542,0.2027,0.8141,0.529,-3.8,0.0003,0.003,4,30,weight/atpbind3d-1930_esm-t33-gearnet-lr1e-5_0.pt,15,2024-10-01 00:31:26
esm-t33-gearnet-pretrained,3,0.4404,0.5342,0.4915,0.4603,0.9016,0.7462,-0.2,0.0003,0.003,4,30,weight/atpbind3d-1930_esm-t33-gearnet-lr3e-6_0.pt,16,2024-10-01 00:31:36
esm-t33-gearnet-pretrained,3,0.4528,0.491,0.339,0.6667,0.8456,0.8278,-0.4,0.0003,0.003,4,30,empty,17,2024-10-01 00:31:46
esm-t33-gearnet-pretrained,3,0.5434,0.5937,0.5763,0.5667,0.9258,0.9421,-3.4,0.0003,0.003,6,30,weight/atpbind3d-1930_esm-t33-gearnet-lr3e-4_0.pt,18,2024-10-01 00:31:59
esm-t33-gearnet-pretrained,3,0.5122,0.5814,0.4237,0.6757,0.9206,0.9314,-2.8,0.0003,0.003,6,30,weight/atpbind3d-1930_esm-t33-gearnet-lr1e-4_0.pt,19,2024-10-01 00:32:13
esm-t33-gearnet-pretrained,3,0.2729,0.5236,0.1186,0.7,0.9214,0.9393,0.4,0.0003,0.003,6,30,weight/atpbind3d-1930_esm-t33-gearnet-lr3e-5_0.pt,20,2024-10-01 00:32:26
esm-t33-gearnet-pretrained,3,0.566,0.6727,0.4576,0.75,0.9431,0.9406,-1.8,0.0003,0.003,6,30,weight/atpbind3d-1930_esm-t33-gearnet-lr1e-5_0.pt,21,2024-10-01 00:32:40
esm-t33-gearnet-pretrained,3,0.5467,0.6628,0.4746,0.6829,0.9396,0.8972,-2.2,0.0003,0.003,6,30,weight/atpbind3d-1930_esm-t33-gearnet-lr3e-6_0.pt,22,2024-10-01 00:32:53
esm-t33-gearnet-pretrained,3,0.5336,0.66,0.6102,0.5217,0.9394,0.9333,-1.8,0.0003,0.003,6,30,empty,23,2024-10-01 00:33:06
esm-t33-gearnet-pretrained,3,0.5177,0.6487,0.3898,0.7419,0.9321,0.9499,-0.2,0.0003,0.003,10,30,weight/atpbind3d-1930_esm-t33-gearnet-lr3e-4_0.pt,24,2024-10-01 00:33:27
esm-t33-gearnet-pretrained,3,0.5122,0.598,0.4237,0.6757,0.9177,0.9512,-2.0,0.0003,0.003,10,30,weight/atpbind3d-1930_esm-t33-gearnet-lr1e-4_0.pt,25,2024-10-01 00:33:47
esm-t33-gearnet-pretrained,3,0.5926,0.6664,0.5424,0.6957,0.9333,0.9512,-2.6,0.0003,0.003,10,30,weight/atpbind3d-1930_esm-t33-gearnet-lr3e-5_0.pt,26,2024-10-01 00:34:08
esm-t33-gearnet-pretrained,3,0.5752,0.6685,0.4576,0.7714,0.9214,0.9499,-0.6,0.0003,0.003,10,30,weight/atpbind3d-1930_esm-t33-gearnet-lr1e-5_0.pt,27,2024-10-01 00:34:28
esm-t33-gearnet-pretrained,3,0.6898,0.7187,0.4915,1.0,0.9418,0.9596,0.0,0.0003,0.003,10,30,weight/atpbind3d-1930_esm-t33-gearnet-lr3e-6_0.pt,28,2024-10-01 00:34:49
esm-t33-gearnet-pretrained,3,0.5075,0.6482,0.3559,0.7778,0.9322,0.9406,-0.2,0.0003,0.003,10,30,empty,29,2024-10-01 00:35:10
esm-t33-gearnet-pretrained,4,0.0,0.0771,0.0,,0.4594,0.2951,-1.0,0.0003,0.003,2,30,weight/atpbind3d-1930_esm-t33-gearnet-lr3e-4_0.pt,0,2024-10-01 00:35:16
esm-t33-gearnet-pretrained,4,-0.0286,0.038,0.0,0.0,0.2426,0.1925,-5.0,0.0003,0.003,2,30,weight/atpbind3d-1930_esm-t33-gearnet-lr1e-4_0.pt,1,2024-10-01 00:35:23
esm-t33-gearnet-pretrained,4,0.0,0.0459,0.0,,0.3876,0.0,-1.2,0.0003,0.003,2,30,weight/atpbind3d-1930_esm-t33-gearnet-lr3e-5_0.pt,2,2024-10-01 00:35:29
esm-t33-gearnet-pretrained,4,0.0,0.0419,0.0,,0.3191,0.0959,-2.4,0.0003,0.003,2,30,weight/atpbind3d-1930_esm-t33-gearnet-lr1e-5_0.pt,3,2024-10-01 00:35:36
esm-t33-gearnet-pretrained,4,0.2737,0.2514,0.339,0.303,0.8123,0.4519,0.0,0.0003,0.003,2,30,weight/atpbind3d-1930_esm-t33-gearnet-lr3e-6_0.pt,4,2024-10-01 00:35:42
esm-t33-gearnet-pretrained,4,-0.0082,0.0401,0.0,0.0,0.2865,0.0,-2.8,0.0003,0.003,2,30,empty,5,2024-10-01 00:35:49
esm-t33-gearnet-pretrained,4,0.4485,0.6115,0.3051,0.72,0.8876,0.7762,0.4,0.0003,0.003,3,30,weight/atpbind3d-1930_esm-t33-gearnet-lr3e-4_0.pt,6,2024-10-01 00:35:57
esm-t33-gearnet-pretrained,4,0.0,0.442,0.0,,0.8522,0.7304,0.2,0.0003,0.003,3,30,weight/atpbind3d-1930_esm-t33-gearnet-lr1e-4_0.pt,7,2024-10-01 00:36:05
esm-t33-gearnet-pretrained,4,0.0349,0.147,0.0169,0.1667,0.7417,0.4533,-5.0,0.0003,0.003,3,30,weight/atpbind3d-1930_esm-t33-gearnet-lr3e-5_0.pt,8,2024-10-01 00:36:13
esm-t33-gearnet-pretrained,4,0.0,0.0951,0.0,,0.7001,0.2087,0.0,0.0003,0.003,3,30,weight/atpbind3d-1930_esm-t33-gearnet-lr1e-5_0.pt,9,2024-10-01 00:36:22
esm-t33-gearnet-pretrained,4,0.4947,0.4456,0.4915,0.5577,0.8903,0.6037,0.8,0.0003,0.003,3,30,weight/atpbind3d-1930_esm-t33-gearnet-lr3e-6_0.pt,10,2024-10-01 00:36:30
esm-t33-gearnet-pretrained,4,0.0,0.062,0.0,,0.3754,0.2538,-0.2,0.0003,0.003,3,30,empty,11,2024-10-01 00:36:38
esm-t33-gearnet-pretrained,4,0.4748,0.5622,0.3898,0.6389,0.9062,0.7329,-1.4,0.0003,0.003,4,30,weight/atpbind3d-1930_esm-t33-gearnet-lr3e-4_0.pt,12,2024-10-01 00:36:48
esm-t33-gearnet-pretrained,4,0.2152,0.2976,0.0847,0.625,0.8146,0.7615,0.0,0.0003,0.003,4,30,weight/atpbind3d-1930_esm-t33-gearnet-lr1e-4_0.pt,13,2024-10-01 00:36:58
esm-t33-gearnet-pretrained,4,0.388,0.4713,0.2373,0.7,0.8357,0.7615,0.2,0.0003,0.003,4,30,weight/atpbind3d-1930_esm-t33-gearnet-lr3e-5_0.pt,14,2024-10-01 00:37:08
esm-t33-gearnet-pretrained,4,-0.0129,0.1654,0.0169,0.0417,0.8325,0.4912,-2.8,0.0003,0.003,4,30,weight/atpbind3d-1930_esm-t33-gearnet-lr1e-5_0.pt,15,2024-10-01 00:37:18
esm-t33-gearnet-pretrained,4,0.3604,0.3585,0.2034,0.7059,0.8665,0.6839,0.2,0.0003,0.003,4,30,weight/atpbind3d-1930_esm-t33-gearnet-lr3e-6_0.pt,16,2024-10-01 00:37:28
esm-t33-gearnet-pretrained,4,0.1196,0.185,0.0847,0.2632,0.7824,0.5699,-4.0,0.0003,0.003,4,30,empty,17,2024-10-01 00:37:39
esm-t33-gearnet-pretrained,4,0.5361,0.5355,0.5593,0.569,0.8949,0.7797,-4.2,0.0003,0.003,6,30,weight/atpbind3d-1930_esm-t33-gearnet-lr3e-4_0.pt,18,2024-10-01 00:37:52
esm-t33-gearnet-pretrained,4,0.4455,0.5082,0.322,0.6786,0.9124,0.7659,-1.8,0.0003,0.003,6,30,weight/atpbind3d-1930_esm-t33-gearnet-lr1e-4_0.pt,19,2024-10-01 00:38:06
esm-t33-gearnet-pretrained,4,0.1786,0.5085,0.0339,1.0,0.8687,0.7928,1.0,0.0003,0.003,6,30,weight/atpbind3d-1930_esm-t33-gearnet-lr3e-5_0.pt,20,2024-10-01 00:38:19
esm-t33-gearnet-pretrained,4,0.5275,0.6234,0.3898,0.7667,0.9239,0.7716,0.4,0.0003,0.003,6,30,weight/atpbind3d-1930_esm-t33-gearnet-lr1e-5_0.pt,21,2024-10-01 00:38:32
esm-t33-gearnet-pretrained,4,0.462,0.5584,0.2712,0.8421,0.893,0.8135,1.4,0.0003,0.003,6,30,weight/atpbind3d-1930_esm-t33-gearnet-lr3e-6_0.pt,22,2024-10-01 00:38:46
esm-t33-gearnet-pretrained,4,0.4756,0.5357,0.3729,0.6667,0.899,0.8176,0.4,0.0003,0.003,6,30,empty,23,2024-10-01 00:38:59
esm-t33-gearnet-pretrained,4,0.255,0.4707,0.0847,0.8333,0.8776,0.8156,2.8,0.0003,0.003,10,30,weight/atpbind3d-1930_esm-t33-gearnet-lr3e-4_0.pt,24,2024-10-01 00:39:20
esm-t33-gearnet-pretrained,4,0.445,0.5369,0.5085,0.4545,0.8992,0.7753,-5.0,0.0003,0.003,10,30,weight/atpbind3d-1930_esm-t33-gearnet-lr1e-4_0.pt,25,2024-10-01 00:39:40
esm-t33-gearnet-pretrained,4,0.5657,0.586,0.5763,0.6071,0.9078,0.7518,-3.6,0.0003,0.003,10,30,weight/atpbind3d-1930_esm-t33-gearnet-lr3e-5_0.pt,26,2024-10-01 00:40:01
esm-t33-gearnet-pretrained,4,0.5385,0.6224,0.4915,0.6444,0.9113,0.7615,-1.0,0.0003,0.003,10,30,weight/atpbind3d-1930_esm-t33-gearnet-lr1e-5_0.pt,27,2024-10-01 00:40:22
esm-t33-gearnet-pretrained,4,0.552,0.6021,0.5085,0.6522,0.9328,0.7565,-2.2,0.0003,0.003,10,30,weight/atpbind3d-1930_esm-t33-gearnet-lr3e-6_0.pt,28,2024-10-01 00:40:43
esm-t33-gearnet-pretrained,4,0.4618,0.4835,0.339,0.6897,0.9029,0.782,-1.2,0.0003,0.003,10,30,empty,29,2024-10-01 00:41:03
esm-t33-gearnet-pretrained,0,0.2394,0.2784,0.1864,0.3929,0.7622,0.3179,-3.0,0.0003,0.003,2,30,weight/atpbind3d-1930_esm-t33-gearnet-lr3e-4_0.pt,0,2024-10-01 13:16:36
esm-t33-gearnet-pretrained,0,0.3095,0.5387,0.7458,0.1956,0.8913,0.484,3.0,0.0003,0.003,2,30,weight/atpbind3d-1930_esm-t33-gearnet-lr1e-4_0.pt,1,2024-10-01 13:16:42
esm-t33-gearnet-pretrained,0,0.0,0.0576,0.0,,0.4895,0.0,-5.0,0.0003,0.003,2,30,weight/atpbind3d-1930_esm-t33-gearnet-lr3e-5_0.pt,2,2024-10-01 13:16:48
esm-t33-gearnet-pretrained,0,0.0,0.0417,0.0,,0.3219,0.0,-5.0,0.0003,0.003,2,30,weight/atpbind3d-1930_esm-t33-gearnet-lr1e-5_0.pt,3,2024-10-01 13:16:55
esm-t33-gearnet-pretrained,0,0.1498,0.1019,0.1356,0.2581,0.5769,0.2553,-0.6,0.0003,0.003,2,30,weight/atpbind3d-1930_esm-t33-gearnet-lr3e-6_0.pt,4,2024-10-01 13:17:01
esm-t33-gearnet-pretrained,0,0.0,0.0393,0.0,,0.2724,0.0,-5.0,0.0003,0.003,2,30,empty,5,2024-10-01 13:17:08
esm-t33-gearnet-pretrained,0,0.5467,0.5644,0.4746,0.6829,0.8696,0.6612,0.8,0.0003,0.003,3,30,weight/atpbind3d-1930_esm-t33-gearnet-lr3e-4_0.pt,6,2024-10-01 13:17:16
esm-t33-gearnet-pretrained,0,-0.0361,0.0671,0.0,0.0,0.5601,0.2632,-0.2,0.0003,0.003,3,30,weight/atpbind3d-1930_esm-t33-gearnet-lr1e-4_0.pt,7,2024-10-01 13:17:24
esm-t33-gearnet-pretrained,0,0.0608,0.1599,0.0508,0.1667,0.7942,0.5402,0.2,0.0003,0.003,3,30,weight/atpbind3d-1930_esm-t33-gearnet-lr3e-5_0.pt,8,2024-10-01 13:17:32
esm-t33-gearnet-pretrained,0,0.1705,0.1583,0.3051,0.1818,0.8118,0.2149,-4.8,0.0003,0.003,3,30,weight/atpbind3d-1930_esm-t33-gearnet-lr1e-5_0.pt,9,2024-10-01 13:17:40
esm-t33-gearnet-pretrained,0,-0.0164,0.0869,0.0,0.0,0.6645,0.1394,-0.6,0.0003,0.003,3,30,weight/atpbind3d-1930_esm-t33-gearnet-lr3e-6_0.pt,10,2024-10-01 13:17:49
esm-t33-gearnet-pretrained,0,0.0277,0.0817,0.1186,0.0824,0.5501,0.1625,-4.4,0.0003,0.003,3,30,empty,11,2024-10-01 13:17:56
esm-t33-gearnet-pretrained,0,0.1855,0.4432,0.0508,0.75,0.873,0.8594,-0.4,0.0003,0.003,4,30,weight/atpbind3d-1930_esm-t33-gearnet-lr3e-4_0.pt,12,2024-10-01 13:18:06
esm-t33-gearnet-pretrained,0,0.5668,0.6458,0.4237,0.8065,0.9344,0.8574,3.0,0.0003,0.003,4,30,weight/atpbind3d-1930_esm-t33-gearnet-lr1e-4_0.pt,13,2024-10-01 13:18:16
esm-t33-gearnet-pretrained,0,0.5971,0.6213,0.5763,0.6667,0.9091,0.7007,3.0,0.0003,0.003,4,30,weight/atpbind3d-1930_esm-t33-gearnet-lr3e-5_0.pt,14,2024-10-01 13:18:26
esm-t33-gearnet-pretrained,0,0.3112,0.2871,0.322,0.38,0.8713,0.4343,-4.6,0.0003,0.003,4,30,weight/atpbind3d-1930_esm-t33-gearnet-lr1e-5_0.pt,15,2024-10-01 13:18:35
esm-t33-gearnet-pretrained,0,0.1021,0.1881,0.0339,0.4,0.7718,0.351,-1.6,0.0003,0.003,4,30,weight/atpbind3d-1930_esm-t33-gearnet-lr3e-6_0.pt,16,2024-10-01 13:18:45
esm-t33-gearnet-pretrained,0,0.1576,0.1842,0.1695,0.2381,0.6668,0.2652,-0.8,0.0003,0.003,4,30,empty,17,2024-10-01 13:18:55
esm-t33-gearnet-pretrained,0,0.5912,0.6163,0.5593,0.6735,0.934,0.847,-2.6,0.0003,0.003,6,30,weight/atpbind3d-1930_esm-t33-gearnet-lr3e-4_0.pt,18,2024-10-01 13:19:08
esm-t33-gearnet-pretrained,0,0.5862,0.7245,0.4068,0.8889,0.9501,0.8826,-0.8,0.0003,0.003,6,30,weight/atpbind3d-1930_esm-t33-gearnet-lr1e-4_0.pt,19,2024-10-01 13:19:21
esm-t33-gearnet-pretrained,0,0.5604,0.663,0.4915,0.6905,0.9369,0.8742,1.2,0.0003,0.003,6,30,weight/atpbind3d-1930_esm-t33-gearnet-lr3e-5_0.pt,20,2024-10-01 13:19:34
esm-t33-gearnet-pretrained,0,0.5392,0.6338,0.4746,0.6667,0.9122,0.8493,-0.8,0.0003,0.003,6,30,weight/atpbind3d-1930_esm-t33-gearnet-lr1e-5_0.pt,21,2024-10-01 13:19:47
esm-t33-gearnet-pretrained,0,0.5682,0.6593,0.4915,0.7073,0.9302,0.8826,0.4,0.0003,0.003,6,30,weight/atpbind3d-1930_esm-t33-gearnet-lr3e-6_0.pt,22,2024-10-01 13:20:00
esm-t33-gearnet-pretrained,0,0.4989,0.5174,0.322,0.8261,0.8613,0.74,-1.2,0.0003,0.003,6,30,empty,23,2024-10-01 13:20:13
esm-t33-gearnet-pretrained,0,0.6078,0.6388,0.5424,0.7273,0.9369,0.8763,-1.0,0.0003,0.003,10,30,weight/atpbind3d-1930_esm-t33-gearnet-lr3e-4_0.pt,24,2024-10-01 13:20:33
esm-t33-gearnet-pretrained,0,0.4208,0.6713,0.1864,1.0,0.9369,0.8902,2.8,0.0003,0.003,10,30,weight/atpbind3d-1930_esm-t33-gearnet-lr1e-4_0.pt,25,2024-10-01 13:20:53
esm-t33-gearnet-pretrained,0,0.6539,0.701,0.5593,0.8049,0.9446,0.8942,1.6,0.0003,0.003,10,30,weight/atpbind3d-1930_esm-t33-gearnet-lr3e-5_0.pt,26,2024-10-01 13:21:13
esm-t33-gearnet-pretrained,0,0.5549,0.6922,0.339,0.9524,0.9158,0.8991,2.0,0.0003,0.003,10,30,weight/atpbind3d-1930_esm-t33-gearnet-lr1e-5_0.pt,27,2024-10-01 13:21:33
esm-t33-gearnet-pretrained,0,0.5966,0.658,0.6102,0.6316,0.9327,0.8699,-4.6,0.0003,0.003,10,30,weight/atpbind3d-1930_esm-t33-gearnet-lr3e-6_0.pt,28,2024-10-01 13:21:53
esm-t33-gearnet-pretrained,0,0.4755,0.5726,0.4746,0.5385,0.9244,0.8489,-1.4,0.0003,0.003,10,30,empty,29,2024-10-01 13:22:13
esm-t33-gearnet-pretrained,1,0.3265,0.3294,0.2881,0.4474,0.8226,0.238,-4.8,0.0003,0.003,2,30,weight/atpbind3d-1930_esm-t33-gearnet-lr3e-4_0.pt,0,2024-10-01 13:22:19
esm-t33-gearnet-pretrained,1,0.1118,0.3234,1.0,0.0727,0.843,0.1001,2.8,0.0003,0.003,2,30,weight/atpbind3d-1930_esm-t33-gearnet-lr1e-4_0.pt,1,2024-10-01 13:22:26
esm-t33-gearnet-pretrained,1,0.3738,0.4108,0.5254,0.337,0.8343,0.487,0.6,0.0003,0.003,2,30,weight/atpbind3d-1930_esm-t33-gearnet-lr3e-5_0.pt,2,2024-10-01 13:22:32
esm-t33-gearnet-pretrained,1,0.0,0.0665,0.0,,0.5566,0.0,-5.0,0.0003,0.003,2,30,weight/atpbind3d-1930_esm-t33-gearnet-lr1e-5_0.pt,3,2024-10-01 13:22:39
esm-t33-gearnet-pretrained,1,0.2456,0.2564,0.5593,0.1844,0.7543,0.3406,-1.8,0.0003,0.003,2,30,weight/atpbind3d-1930_esm-t33-gearnet-lr3e-6_0.pt,4,2024-10-01 13:22:45
esm-t33-gearnet-pretrained,1,-0.0261,0.0411,0.0,0.0,0.3066,0.0,-1.2,0.0003,0.003,2,30,empty,5,2024-10-01 13:22:52
esm-t33-gearnet-pretrained,1,0.5853,0.696,0.5424,0.6809,0.9481,0.7288,1.0,0.0003,0.003,3,30,weight/atpbind3d-1930_esm-t33-gearnet-lr3e-4_0.pt,6,2024-10-01 13:23:00
esm-t33-gearnet-pretrained,1,0.6276,0.7028,0.6271,0.6727,0.9212,0.7576,2.2,0.0003,0.003,3,30,weight/atpbind3d-1930_esm-t33-gearnet-lr1e-4_0.pt,7,2024-10-01 13:23:08
esm-t33-gearnet-pretrained,1,0.4644,0.5792,0.7119,0.3621,0.901,0.5246,2.8,0.0003,0.003,3,30,weight/atpbind3d-1930_esm-t33-gearnet-lr3e-5_0.pt,8,2024-10-01 13:23:17
esm-t33-gearnet-pretrained,1,0.4155,0.4656,0.5424,0.3855,0.8786,0.5966,0.2,0.0003,0.003,3,30,weight/atpbind3d-1930_esm-t33-gearnet-lr1e-5_0.pt,9,2024-10-01 13:23:25
esm-t33-gearnet-pretrained,1,0.3502,0.4003,0.3898,0.3898,0.8613,0.5059,-0.4,0.0003,0.003,3,30,weight/atpbind3d-1930_esm-t33-gearnet-lr3e-6_0.pt,10,2024-10-01 13:23:33
esm-t33-gearnet-pretrained,1,-0.0298,0.0519,0.0,0.0,0.4579,0.0411,-2.4,0.0003,0.003,3,30,empty,11,2024-10-01 13:23:41
esm-t33-gearnet-pretrained,1,0.5872,0.6346,0.6441,0.5846,0.8845,0.7279,-2.2,0.0003,0.003,4,30,weight/atpbind3d-1930_esm-t33-gearnet-lr3e-4_0.pt,12,2024-10-01 13:23:51
esm-t33-gearnet-pretrained,1,0.503,0.6087,0.339,0.8,0.9148,0.7012,1.8,0.0003,0.003,4,30,weight/atpbind3d-1930_esm-t33-gearnet-lr1e-4_0.pt,13,2024-10-01 13:24:01
esm-t33-gearnet-pretrained,1,0.5668,0.6585,0.4237,0.8065,0.9378,0.7337,2.0,0.0003,0.003,4,30,weight/atpbind3d-1930_esm-t33-gearnet-lr3e-5_0.pt,14,2024-10-01 13:24:11
esm-t33-gearnet-pretrained,1,0.4919,0.5633,0.5593,0.4925,0.9136,0.6859,-2.4,0.0003,0.003,4,30,weight/atpbind3d-1930_esm-t33-gearnet-lr1e-5_0.pt,15,2024-10-01 13:24:21
esm-t33-gearnet-pretrained,1,0.523,0.6061,0.5763,0.5312,0.933,0.6543,1.6,0.0003,0.003,4,30,weight/atpbind3d-1930_esm-t33-gearnet-lr3e-6_0.pt,16,2024-10-01 13:24:31
esm-t33-gearnet-pretrained,1,0.3156,0.4243,0.1356,0.8,0.8022,0.6787,2.4,0.0003,0.003,4,30,empty,17,2024-10-01 13:24:40
esm-t33-gearnet-pretrained,1,0.6196,0.6643,0.5254,0.775,0.9313,0.7495,-0.6,0.0003,0.003,6,30,weight/atpbind3d-1930_esm-t33-gearnet-lr3e-4_0.pt,18,2024-10-01 13:24:54
esm-t33-gearnet-pretrained,1,0.5752,0.6932,0.6271,0.5781,0.9298,0.7549,-2.8,0.0003,0.003,6,30,weight/atpbind3d-1930_esm-t33-gearnet-lr1e-4_0.pt,19,2024-10-01 13:25:07
esm-t33-gearnet-pretrained,1,0.5631,0.676,0.4068,0.8276,0.9457,0.7502,-0.8,0.0003,0.003,6,30,weight/atpbind3d-1930_esm-t33-gearnet-lr3e-5_0.pt,20,2024-10-01 13:25:21
esm-t33-gearnet-pretrained,1,0.4673,0.5444,0.4576,0.54,0.9256,0.698,-5.0,0.0003,0.003,6,30,weight/atpbind3d-1930_esm-t33-gearnet-lr1e-5_0.pt,21,2024-10-01 13:25:34
esm-t33-gearnet-pretrained,1,0.4687,0.5763,0.3559,0.6774,0.8857,0.7165,-1.0,0.0003,0.003,6,30,weight/atpbind3d-1930_esm-t33-gearnet-lr3e-6_0.pt,22,2024-10-01 13:25:48
esm-t33-gearnet-pretrained,1,0.4688,0.5406,0.5932,0.4321,0.8914,0.721,-4.8,0.0003,0.003,6,30,empty,23,2024-10-01 13:26:01
esm-t33-gearnet-pretrained,1,0.5983,0.6595,0.4746,0.8,0.9249,0.7367,-1.4,0.0003,0.003,10,30,weight/atpbind3d-1930_esm-t33-gearnet-lr3e-4_0.pt,24,2024-10-01 13:26:22
esm-t33-gearnet-pretrained,1,0.5351,0.6149,0.661,0.4875,0.9357,0.7334,-2.8,0.0003,0.003,10,30,weight/atpbind3d-1930_esm-t33-gearnet-lr1e-4_0.pt,25,2024-10-01 13:26:42
esm-t33-gearnet-pretrained,1,0.5912,0.6336,0.5593,0.6735,0.9336,0.7695,-3.0,0.0003,0.003,10,30,weight/atpbind3d-1930_esm-t33-gearnet-lr3e-5_0.pt,26,2024-10-01 13:27:03
esm-t33-gearnet-pretrained,1,0.641,0.6862,0.6271,0.6981,0.9378,0.7549,-2.0,0.0003,0.003,10,30,weight/atpbind3d-1930_esm-t33-gearnet-lr1e-5_0.pt,27,2024-10-01 13:27:24
esm-t33-gearnet-pretrained,1,0.609,0.6614,0.6102,0.6545,0.9228,0.7668,-2.6,0.0003,0.003,10,30,weight/atpbind3d-1930_esm-t33-gearnet-lr3e-6_0.pt,28,2024-10-01 13:27:45
esm-t33-gearnet-pretrained,1,0.6446,0.6978,0.5085,0.8571,0.9361,0.726,-1.2,0.0003,0.003,10,30,empty,29,2024-10-01 13:28:05
esm-t33-gearnet-pretrained,2,0.2127,0.2411,0.1186,0.4667,0.788,0.315,-0.2,0.0003,0.003,2,30,weight/atpbind3d-1930_esm-t33-gearnet-lr3e-4_0.pt,0,2024-10-01 13:28:12
esm-t33-gearnet-pretrained,2,0.0802,0.1226,0.0339,0.2857,0.6868,0.2684,-3.4,0.0003,0.003,2,30,weight/atpbind3d-1930_esm-t33-gearnet-lr1e-4_0.pt,1,2024-10-01 13:28:18
esm-t33-gearnet-pretrained,2,0.0,0.0461,0.0,,0.3889,0.0,-4.6,0.0003,0.003,2,30,weight/atpbind3d-1930_esm-t33-gearnet-lr3e-5_0.pt,2,2024-10-01 13:28:25
esm-t33-gearnet-pretrained,2,0.0,0.0468,0.0,,0.398,0.0,-5.0,0.0003,0.003,2,30,weight/atpbind3d-1930_esm-t33-gearnet-lr1e-5_0.pt,3,2024-10-01 13:28:31
esm-t33-gearnet-pretrained,2,0.0453,0.0613,0.0339,0.1538,0.4927,0.1149,0.4,0.0003,0.003,2,30,weight/atpbind3d-1930_esm-t33-gearnet-lr3e-6_0.pt,4,2024-10-01 13:28:38
esm-t33-gearnet-pretrained,2,0.0865,0.2203,0.6271,0.0835,0.7,0.1264,-1.6,0.0003,0.003,2,30,empty,5,2024-10-01 13:28:44
esm-t33-gearnet-pretrained,2,0.5933,0.6485,0.4915,0.7632,0.9253,0.7235,-0.8,0.0003,0.003,3,30,weight/atpbind3d-1930_esm-t33-gearnet-lr3e-4_0.pt,6,2024-10-01 13:28:52
esm-t33-gearnet-pretrained,2,0.5361,0.6098,0.5593,0.569,0.9334,0.702,-2.2,0.0003,0.003,3,30,weight/atpbind3d-1930_esm-t33-gearnet-lr1e-4_0.pt,7,2024-10-01 13:29:01
esm-t33-gearnet-pretrained,2,0.5584,0.616,0.5254,0.6458,0.9236,0.7405,0.8,0.0003,0.003,3,30,weight/atpbind3d-1930_esm-t33-gearnet-lr3e-5_0.pt,8,2024-10-01 13:29:09
esm-t33-gearnet-pretrained,2,0.0,0.069,0.0,,0.5888,0.0,0.0,0.0003,0.003,3,30,weight/atpbind3d-1930_esm-t33-gearnet-lr1e-5_0.pt,9,2024-10-01 13:29:17
esm-t33-gearnet-pretrained,2,0.2828,0.2988,0.0847,1.0,0.8003,0.3363,0.4,0.0003,0.003,3,30,weight/atpbind3d-1930_esm-t33-gearnet-lr3e-6_0.pt,10,2024-10-01 13:29:25
esm-t33-gearnet-pretrained,2,-0.04,0.0463,0.0169,0.02,0.384,0.0067,-3.2,0.0003,0.003,3,30,empty,11,2024-10-01 13:29:33
esm-t33-gearnet-pretrained,2,0.6505,0.7622,0.5424,0.8205,0.9589,0.7675,2.6,0.0003,0.003,4,30,weight/atpbind3d-1930_esm-t33-gearnet-lr3e-4_0.pt,12,2024-10-01 13:29:43
esm-t33-gearnet-pretrained,2,0.6184,0.7218,0.4746,0.8485,0.945,0.7718,2.0,0.0003,0.003,4,30,weight/atpbind3d-1930_esm-t33-gearnet-lr1e-4_0.pt,13,2024-10-01 13:29:53
esm-t33-gearnet-pretrained,2,0.6023,0.6994,0.4407,0.8667,0.9308,0.7637,1.6,0.0003,0.003,4,30,weight/atpbind3d-1930_esm-t33-gearnet-lr3e-5_0.pt,14,2024-10-01 13:30:03
esm-t33-gearnet-pretrained,2,0.3396,0.3927,0.2373,0.56,0.8977,0.5615,-4.8,0.0003,0.003,4,30,weight/atpbind3d-1930_esm-t33-gearnet-lr1e-5_0.pt,15,2024-10-01 13:30:13
esm-t33-gearnet-pretrained,2,0.3801,0.5299,0.1695,0.9091,0.8829,0.6053,1.0,0.0003,0.003,4,30,weight/atpbind3d-1930_esm-t33-gearnet-lr3e-6_0.pt,16,2024-10-01 13:30:23
esm-t33-gearnet-pretrained,2,0.3686,0.4069,0.2203,0.6842,0.844,0.6776,0.0,0.0003,0.003,4,30,empty,17,2024-10-01 13:30:32
esm-t33-gearnet-pretrained,2,0.6333,0.7179,0.6441,0.6667,0.9474,0.7686,-3.2,0.0003,0.003,6,30,weight/atpbind3d-1930_esm-t33-gearnet-lr3e-4_0.pt,18,2024-10-01 13:30:46
esm-t33-gearnet-pretrained,2,0.5337,0.7021,0.3729,0.8148,0.9353,0.7997,1.4,0.0003,0.003,6,30,weight/atpbind3d-1930_esm-t33-gearnet-lr1e-4_0.pt,19,2024-10-01 13:30:59
esm-t33-gearnet-pretrained,2,0.6819,0.7701,0.6441,0.76,0.9316,0.7546,-0.2,0.0003,0.003,6,30,weight/atpbind3d-1930_esm-t33-gearnet-lr3e-5_0.pt,20,2024-10-01 13:31:13
esm-t33-gearnet-pretrained,2,0.6754,0.7614,0.5763,0.8293,0.937,0.7261,0.4,0.0003,0.003,6,30,weight/atpbind3d-1930_esm-t33-gearnet-lr1e-5_0.pt,21,2024-10-01 13:31:26
esm-t33-gearnet-pretrained,2,0.6582,0.7274,0.661,0.6964,0.9357,0.777,-0.6,0.0003,0.003,6,30,weight/atpbind3d-1930_esm-t33-gearnet-lr3e-6_0.pt,22,2024-10-01 13:31:39
esm-t33-gearnet-pretrained,2,0.5302,0.6417,0.3559,0.84,0.9319,0.8107,1.4,0.0003,0.003,6,30,empty,23,2024-10-01 13:31:53
esm-t33-gearnet-pretrained,2,0.6422,0.7505,0.4915,0.8788,0.9456,0.7901,2.2,0.0003,0.003,10,30,weight/atpbind3d-1930_esm-t33-gearnet-lr3e-4_0.pt,24,2024-10-01 13:32:13
esm-t33-gearnet-pretrained,2,0.6539,0.7456,0.5593,0.8049,0.9419,0.7808,2.2,0.0003,0.003,10,30,weight/atpbind3d-1930_esm-t33-gearnet-lr1e-4_0.pt,25,2024-10-01 13:32:33
esm-t33-gearnet-pretrained,2,0.6924,0.7803,0.5593,0.8919,0.9299,0.7808,1.0,0.0003,0.003,10,30,weight/atpbind3d-1930_esm-t33-gearnet-lr3e-5_0.pt,26,2024-10-01 13:32:54
esm-t33-gearnet-pretrained,2,0.6699,0.7644,0.5932,0.7955,0.935,0.7718,0.2,0.0003,0.003,10,30,weight/atpbind3d-1930_esm-t33-gearnet-lr1e-5_0.pt,27,2024-10-01 13:33:14
esm-t33-gearnet-pretrained,2,0.6822,0.7226,0.5593,0.8684,0.9217,0.8096,1.2,0.0003,0.003,10,30,weight/atpbind3d-1930_esm-t33-gearnet-lr3e-6_0.pt,28,2024-10-01 13:33:35
esm-t33-gearnet-pretrained,2,0.6205,0.7234,0.5593,0.7333,0.9504,0.7808,1.2,0.0003,0.003,10,30,empty,29,2024-10-01 13:33:55
esm-t33-gearnet-pretrained,3,0.3354,0.3649,0.3898,0.3651,0.8133,0.6489,-4.6,0.0003,0.003,2,30,weight/atpbind3d-1930_esm-t33-gearnet-lr3e-4_0.pt,0,2024-10-01 13:34:02
esm-t33-gearnet-pretrained,3,-0.0142,0.0483,0.0,0.0,0.4147,0.1879,-5.0,0.0003,0.003,2,30,weight/atpbind3d-1930_esm-t33-gearnet-lr1e-4_0.pt,1,2024-10-01 13:34:08
esm-t33-gearnet-pretrained,3,0.0,0.0389,0.0,,0.2617,0.148,3.0,0.0003,0.003,2,30,weight/atpbind3d-1930_esm-t33-gearnet-lr3e-5_0.pt,2,2024-10-01 13:34:15
esm-t33-gearnet-pretrained,3,-0.0116,0.0505,0.0,0.0,0.4441,0.1328,-4.6,0.0003,0.003,2,30,weight/atpbind3d-1930_esm-t33-gearnet-lr1e-5_0.pt,3,2024-10-01 13:34:21
esm-t33-gearnet-pretrained,3,0.1412,0.1064,0.0339,0.6667,0.6066,0.3526,0.4,0.0003,0.003,2,30,weight/atpbind3d-1930_esm-t33-gearnet-lr3e-6_0.pt,4,2024-10-01 13:34:28
esm-t33-gearnet-pretrained,3,0.0,0.0387,0.0,,0.252,0.0,1.2,0.0003,0.003,2,30,empty,5,2024-10-01 13:34:34
esm-t33-gearnet-pretrained,3,0.6205,0.6542,0.5593,0.7333,0.9082,0.9271,-1.8,0.0003,0.003,3,30,weight/atpbind3d-1930_esm-t33-gearnet-lr3e-4_0.pt,6,2024-10-01 13:34:42
esm-t33-gearnet-pretrained,3,0.4592,0.4884,0.3051,0.75,0.8499,0.8751,-1.6,0.0003,0.003,3,30,weight/atpbind3d-1930_esm-t33-gearnet-lr1e-4_0.pt,7,2024-10-01 13:34:51
esm-t33-gearnet-pretrained,3,0.4123,0.5108,0.5424,0.381,0.8326,0.6288,0.2,0.0003,0.003,3,30,weight/atpbind3d-1930_esm-t33-gearnet-lr3e-5_0.pt,8,2024-10-01 13:34:59
esm-t33-gearnet-pretrained,3,-0.0082,0.0928,0.0,0.0,0.687,0.1879,-0.4,0.0003,0.003,3,30,weight/atpbind3d-1930_esm-t33-gearnet-lr1e-5_0.pt,9,2024-10-01 13:35:07
esm-t33-gearnet-pretrained,3,0.1763,0.1162,0.5085,0.1402,0.7568,0.2946,-4.8,0.0003,0.003,3,30,weight/atpbind3d-1930_esm-t33-gearnet-lr3e-6_0.pt,10,2024-10-01 13:35:15
esm-t33-gearnet-pretrained,3,-0.0448,0.0605,0.1695,0.0422,0.5286,0.2345,-5.0,0.0003,0.003,3,30,empty,11,2024-10-01 13:35:23
esm-t33-gearnet-pretrained,3,0.5724,0.6204,0.5932,0.6034,0.8983,0.9117,-1.0,0.0003,0.003,4,30,weight/atpbind3d-1930_esm-t33-gearnet-lr3e-4_0.pt,12,2024-10-01 13:35:33
esm-t33-gearnet-pretrained,3,0.332,0.3682,0.2881,0.4595,0.8358,0.7483,-0.8,0.0003,0.003,4,30,weight/atpbind3d-1930_esm-t33-gearnet-lr1e-4_0.pt,13,2024-10-01 13:35:43
esm-t33-gearnet-pretrained,3,0.3227,0.4221,0.1525,0.75,0.8745,0.7832,-0.4,0.0003,0.003,4,30,weight/atpbind3d-1930_esm-t33-gearnet-lr3e-5_0.pt,14,2024-10-01 13:35:53
esm-t33-gearnet-pretrained,3,0.145,0.1979,0.1864,0.2037,0.8256,0.5827,-3.0,0.0003,0.003,4,30,weight/atpbind3d-1930_esm-t33-gearnet-lr1e-5_0.pt,15,2024-10-01 13:36:03
esm-t33-gearnet-pretrained,3,0.4535,0.5291,0.5085,0.4688,0.8951,0.7141,0.0,0.0003,0.003,4,30,weight/atpbind3d-1930_esm-t33-gearnet-lr3e-6_0.pt,16,2024-10-01 13:36:13
esm-t33-gearnet-pretrained,3,0.4411,0.5334,0.2373,0.875,0.8974,0.8214,1.6,0.0003,0.003,4,30,empty,17,2024-10-01 13:36:23
esm-t33-gearnet-pretrained,3,0.4871,0.5177,0.3559,0.7241,0.8649,0.9286,0.4,0.0003,0.003,6,30,weight/atpbind3d-1930_esm-t33-gearnet-lr3e-4_0.pt,18,2024-10-01 13:36:36
esm-t33-gearnet-pretrained,3,0.5266,0.5881,0.4407,0.6842,0.9207,0.9314,-3.0,0.0003,0.003,6,30,weight/atpbind3d-1930_esm-t33-gearnet-lr1e-4_0.pt,19,2024-10-01 13:36:50
esm-t33-gearnet-pretrained,3,0.3604,0.5484,0.2034,0.7059,0.9276,0.9393,0.4,0.0003,0.003,6,30,weight/atpbind3d-1930_esm-t33-gearnet-lr3e-5_0.pt,20,2024-10-01 13:37:03
esm-t33-gearnet-pretrained,3,0.6066,0.6792,0.5085,0.7692,0.943,0.9314,-1.8,0.0003,0.003,6,30,weight/atpbind3d-1930_esm-t33-gearnet-lr1e-5_0.pt,21,2024-10-01 13:37:17
esm-t33-gearnet-pretrained,3,0.5896,0.6431,0.5085,0.7317,0.9446,0.9207,-0.4,0.0003,0.003,6,30,weight/atpbind3d-1930_esm-t33-gearnet-lr3e-6_0.pt,22,2024-10-01 13:37:30
esm-t33-gearnet-pretrained,3,0.5185,0.6012,0.3559,0.8077,0.9344,0.9333,-1.8,0.0003,0.003,6,30,empty,23,2024-10-01 13:37:44
esm-t33-gearnet-pretrained,3,0.4826,0.6479,0.3898,0.6571,0.9439,0.9406,0.6,0.0003,0.003,10,30,weight/atpbind3d-1930_esm-t33-gearnet-lr3e-4_0.pt,24,2024-10-01 13:38:04
esm-t33-gearnet-pretrained,3,0.4213,0.5823,0.2881,0.68,0.9218,0.9499,-1.0,0.0003,0.003,10,30,weight/atpbind3d-1930_esm-t33-gearnet-lr1e-4_0.pt,25,2024-10-01 13:38:25
esm-t33-gearnet-pretrained,3,0.584,0.6603,0.5763,0.6415,0.9357,0.9512,-3.2,0.0003,0.003,10,30,weight/atpbind3d-1930_esm-t33-gearnet-lr3e-5_0.pt,26,2024-10-01 13:38:45
esm-t33-gearnet-pretrained,3,0.5627,0.6733,0.4746,0.7179,0.9237,0.9499,-1.6,0.0003,0.003,10,30,weight/atpbind3d-1930_esm-t33-gearnet-lr1e-5_0.pt,27,2024-10-01 13:39:06
esm-t33-gearnet-pretrained,3,0.584,0.7021,0.3729,0.9565,0.9371,0.9499,1.2,0.0003,0.003,10,30,weight/atpbind3d-1930_esm-t33-gearnet-lr3e-6_0.pt,28,2024-10-01 13:39:27
esm-t33-gearnet-pretrained,3,0.6028,0.6492,0.5254,0.7381,0.9152,0.9406,-2.0,0.0003,0.003,10,30,empty,29,2024-10-01 13:39:48
esm-t33-gearnet-pretrained,4,0.0,0.0773,0.0,,0.4609,0.3001,-0.6,0.0003,0.003,2,30,weight/atpbind3d-1930_esm-t33-gearnet-lr3e-4_0.pt,0,2024-10-01 13:39:54
esm-t33-gearnet-pretrained,4,-0.0286,0.0383,0.0,0.0,0.2481,0.1925,-5.0,0.0003,0.003,2,30,weight/atpbind3d-1930_esm-t33-gearnet-lr1e-4_0.pt,1,2024-10-01 13:40:01
esm-t33-gearnet-pretrained,4,0.0,0.0464,0.0,,0.3943,0.0,-1.0,0.0003,0.003,2,30,weight/atpbind3d-1930_esm-t33-gearnet-lr3e-5_0.pt,2,2024-10-01 13:40:07
esm-t33-gearnet-pretrained,4,0.0,0.0418,0.0,,0.3173,0.1436,-2.0,0.0003,0.003,2,30,weight/atpbind3d-1930_esm-t33-gearnet-lr1e-5_0.pt,3,2024-10-01 13:40:14
esm-t33-gearnet-pretrained,4,0.2029,0.2113,0.2881,0.2297,0.7835,0.3849,-0.6,0.0003,0.003,2,30,weight/atpbind3d-1930_esm-t33-gearnet-lr3e-6_0.pt,4,2024-10-01 13:40:21
esm-t33-gearnet-pretrained,4,-0.0494,0.0402,0.0,0.0,0.2903,0.0059,-2.0,0.0003,0.003,2,30,empty,5,2024-10-01 13:40:27
esm-t33-gearnet-pretrained,4,0.566,0.6145,0.4576,0.75,0.8901,0.7705,-1.2,0.0003,0.003,3,30,weight/atpbind3d-1930_esm-t33-gearnet-lr3e-4_0.pt,6,2024-10-01 13:40:35
esm-t33-gearnet-pretrained,4,0.1262,0.4459,0.0169,1.0,0.8566,0.7304,0.2,0.0003,0.003,3,30,weight/atpbind3d-1930_esm-t33-gearnet-lr1e-4_0.pt,7,2024-10-01 13:40:44
esm-t33-gearnet-pretrained,4,0.0419,0.1451,0.0169,0.2,0.7414,0.464,-5.0,0.0003,0.003,3,30,weight/atpbind3d-1930_esm-t33-gearnet-lr3e-5_0.pt,8,2024-10-01 13:40:52
esm-t33-gearnet-pretrained,4,-0.0334,0.0934,0.0678,0.0381,0.6953,0.2224,-5.0,0.0003,0.003,3,30,weight/atpbind3d-1930_esm-t33-gearnet-lr1e-5_0.pt,9,2024-10-01 13:41:00
esm-t33-gearnet-pretrained,4,0.4811,0.4406,0.4746,0.549,0.887,0.5626,0.4,0.0003,0.003,3,30,weight/atpbind3d-1930_esm-t33-gearnet-lr3e-6_0.pt,10,2024-10-01 13:41:08
esm-t33-gearnet-pretrained,4,-0.0082,0.0546,0.0,0.0,0.4727,0.2117,-1.6,0.0003,0.003,3,30,empty,11,2024-10-01 13:41:16
esm-t33-gearnet-pretrained,4,0.4932,0.5613,0.3729,0.7097,0.9059,0.7431,-1.0,0.0003,0.003,4,30,weight/atpbind3d-1930_esm-t33-gearnet-lr3e-4_0.pt,12,2024-10-01 13:41:26
esm-t33-gearnet-pretrained,4,0.1821,0.284,0.0678,0.5714,0.8065,0.7615,-0.2,0.0003,0.003,4,30,weight/atpbind3d-1930_esm-t33-gearnet-lr1e-4_0.pt,13,2024-10-01 13:41:36
esm-t33-gearnet-pretrained,4,0.3734,0.4695,0.2034,0.75,0.8412,0.7716,0.8,0.0003,0.003,4,30,weight/atpbind3d-1930_esm-t33-gearnet-lr3e-5_0.pt,14,2024-10-01 13:41:46
esm-t33-gearnet-pretrained,4,-0.037,0.1698,0.0,0.0,0.8367,0.4912,-2.6,0.0003,0.003,4,30,weight/atpbind3d-1930_esm-t33-gearnet-lr1e-5_0.pt,15,2024-10-01 13:41:56
esm-t33-gearnet-pretrained,4,0.3176,0.3705,0.1695,0.6667,0.8642,0.6783,0.4,0.0003,0.003,4,30,weight/atpbind3d-1930_esm-t33-gearnet-lr3e-6_0.pt,16,2024-10-01 13:42:06
esm-t33-gearnet-pretrained,4,-0.0116,0.0981,0.0,0.0,0.6064,0.6665,-0.8,0.0003,0.003,4,30,empty,17,2024-10-01 13:42:16
esm-t33-gearnet-pretrained,4,0.533,0.6057,0.5763,0.5484,0.9138,0.7705,-4.0,0.0003,0.003,6,30,weight/atpbind3d-1930_esm-t33-gearnet-lr3e-4_0.pt,18,2024-10-01 13:42:30
esm-t33-gearnet-pretrained,4,0.4183,0.5306,0.2542,0.75,0.9141,0.7716,0.0,0.0003,0.003,6,30,weight/atpbind3d-1930_esm-t33-gearnet-lr1e-4_0.pt,19,2024-10-01 13:42:43
esm-t33-gearnet-pretrained,4,0.3668,0.5049,0.2373,0.6364,0.8607,0.7705,-2.0,0.0003,0.003,6,30,weight/atpbind3d-1930_esm-t33-gearnet-lr3e-5_0.pt,20,2024-10-01 13:42:56
esm-t33-gearnet-pretrained,4,0.5407,0.635,0.4576,0.6923,0.9251,0.7755,0.0,0.0003,0.003,6,30,weight/atpbind3d-1930_esm-t33-gearnet-lr1e-5_0.pt,21,2024-10-01 13:43:10
esm-t33-gearnet-pretrained,4,0.6138,0.6445,0.4407,0.8966,0.9125,0.7504,2.0,0.0003,0.003,6,30,weight/atpbind3d-1930_esm-t33-gearnet-lr3e-6_0.pt,22,2024-10-01 13:43:23
esm-t33-gearnet-pretrained,4,0.5385,0.545,0.4915,0.6444,0.921,0.8176,0.8,0.0003,0.003,6,30,empty,23,2024-10-01 13:43:37
esm-t33-gearnet-pretrained,4,0.5266,0.5042,0.4407,0.6842,0.9297,0.804,1.8,0.0003,0.003,10,30,weight/atpbind3d-1930_esm-t33-gearnet-lr3e-4_0.pt,24,2024-10-01 13:43:57
esm-t33-gearnet-pretrained,4,0.4359,0.5042,0.4746,0.4667,0.8929,0.7659,-3.8,0.0003,0.003,10,30,weight/atpbind3d-1930_esm-t33-gearnet-lr1e-4_0.pt,25,2024-10-01 13:44:18
esm-t33-gearnet-pretrained,4,0.4975,0.5076,0.4576,0.6,0.8843,0.7615,-4.6,0.0003,0.003,10,30,weight/atpbind3d-1930_esm-t33-gearnet-lr3e-5_0.pt,26,2024-10-01 13:44:39
esm-t33-gearnet-pretrained,4,0.6039,0.6288,0.5763,0.68,0.9145,0.7755,-2.4,0.0003,0.003,10,30,weight/atpbind3d-1930_esm-t33-gearnet-lr1e-5_0.pt,27,2024-10-01 13:44:59
esm-t33-gearnet-pretrained,4,0.5486,0.6217,0.3898,0.8214,0.9088,0.7615,-0.6,0.0003,0.003,10,30,weight/atpbind3d-1930_esm-t33-gearnet-lr3e-6_0.pt,28,2024-10-01 13:45:20
esm-t33-gearnet-pretrained,4,0.5232,0.5882,0.4068,0.7273,0.9258,0.7928,-0.4,0.0003,0.003,10,30,empty,29,2024-10-01 13:45:41
